ACC,REC,F1,AUC
0.5442757748260595,0.5442757748260595,0.5560181493202302,0
